id,name,category,containerId,quantity,mass,expirationDate,width,depth,height,priority,usageLimit,usageCount,preferredZone,position_start_width,position_start_depth,position_start_height,position_end_width,position_end_depth,position_end_height
4ce307ca-2194-4ba4-9cce-fec057832989,Electronic Bronze Fish,Maintenance Tools,9aa69df6-2bb4-40d2-99a2-5fa0b2ac2349,8,14.60531390325068,2026-03-18,13,38,12,1,3,0,fgb,5.790411317083121,7.968985431904119,16.379977024246944,27.211103011388673,39.61076684200063,35.86148798813073
a9e74ccb-fd16-4d98-9e71-2beceecf6fcc,Handcrafted Aluminum Sausages,Maintenance Tools,9aa69df6-2bb4-40d2-99a2-5fa0b2ac2349,5,15.910850522230524,2025-10-20,37,17,42,5,74,0,node-2,0.5682724093440217,15.642985331862585,19.73365455479342,23.63686395454571,30.049762584811027,22.050944485452547
5b40765f-e636-4e05-9fb5-7249ae4a4642,Small Metal Soap,Maintenance Tools,9aa69df6-2bb4-40d2-99a2-5fa0b2ac2349,9,6.953843144219793,2025-12-10,45,28,41,2,39,0,jap-lab,16.389873706791665,7.274310803450614,1.5755492733843313,22.464338108877474,31.631773582740458,24.158368880163025
53ed8727-e288-4e1d-bd8b-e400734f745d,Frozen Steel Cheese,Maintenance Tools,9aa69df6-2bb4-40d2-99a2-5fa0b2ac2349,8,7.66775365973815,2026-01-25,33,44,31,5,6,0,storage-2,4.9605709645169345,17.6953210691585,8.283055286452523,26.920854828664538,39.74403436731636,22.486912609647028
5e7931c1-3f20-4cf0-a19f-6e1a98151a6a,Recycled Wooden Hat,Maintenance Tools,9aa69df6-2bb4-40d2-99a2-5fa0b2ac2349,7,10.277959619648227,2025-07-04,21,13,14,1,78,0,jap-lab,7.618938437383276,3.2536981870841664,6.0193659826368435,28.281662298449316,33.440559351061225,29.285564151837352
dd6e6b6b-41ae-4b79-b468-252ebc40120e,Small Ceramic Computer,Experimental Materials,9aa69df6-2bb4-40d2-99a2-5fa0b2ac2349,9,3.741176230394645,2026-02-11,45,38,47,2,33,0,fgb,6.027984940277626,4.082563494732594,7.253814061797026,27.29078460694147,39.24309305839236,29.486456545215013
c3f1abeb-3b0e-4545-8a84-ca62f7f94fca,Luxurious Wooden Pants,Maintenance Tools,e5c23679-9874-4a51-aaaf-46c005ac0494,7,16.995564286702546,2025-10-07,49,44,25,5,70,0,fgb,1.0817180020355965,8.807725531316038,4.291972500930763,32.47794626046536,31.21646130075013,37.37096427246157
38241a47-dac1-4182-b1a5-ba56dc33e32a,Awesome Bamboo Chicken,Science Equipment,e5c23679-9874-4a51-aaaf-46c005ac0494,2,16.352388596692354,2025-09-10,37,49,28,4,14,0,service-module,3.556226231870301,13.603463864049017,17.563149010582663,22.546883319486895,37.92661204499216,28.872094246405823
6efe5c47-6ba6-4947-b0b1-9fb681bcd4ae,Modern Cotton Chicken,Crew Supply,e5c23679-9874-4a51-aaaf-46c005ac0494,7,22.269191180014595,2025-06-21,15,19,18,3,18,0,node-2,14.183398596040371,3.411535609340408,1.3427642976110565,39.88660997468368,23.35277944160229,32.18910613665682
78905303-ae8f-4e63-bc00-3d9c137cfc42,Intelligent Granite Ball,Medical Supply,e5c23679-9874-4a51-aaaf-46c005ac0494,6,16.01243345124944,2026-03-03,32,19,12,5,70,0,us-lab,17.416140477298953,18.400651765899102,9.147397006270259,34.06529101206819,37.22091558012052,25.719246369488975
0a305b89-6e03-44e2-b7e5-43da7b9add47,Refined Cotton Keyboard,Emergency Equipment,e5c23679-9874-4a51-aaaf-46c005ac0494,10,15.23430761896883,2026-02-10,35,30,15,3,35,0,us-lab,4.562622204663436,3.0813635812257556,2.677684170918546,39.86779866107401,31.898263651121304,24.154550021057823
fc529b4e-7154-4a71-be9d-0c1e685c0613,Bespoke Plastic Cheese,Crew Supply,e5c23679-9874-4a51-aaaf-46c005ac0494,6,21.097053808399743,2025-06-25,20,25,25,2,76,0,airlock,19.74635753385868,8.298440723366284,4.522482428456465,34.502248856972216,35.81669791667048,22.688791877117684
dace4a4f-fffd-4dd8-ae18-19eca798baf1,Gorgeous Plastic Sausages,Experimental Materials,e5c23679-9874-4a51-aaaf-46c005ac0494,5,24.154365034588302,2025-07-16,20,32,13,5,44,0,airlock,9.42844041514315,2.7729468233747845,7.332797577517109,39.56782640433916,34.77339399009078,35.60065228274035
805ebb55-eb8d-473a-9c04-f570c658d6d5,Ergonomic Bronze Fish,Experimental Materials,9937633d-bf05-47b5-bb07-fd77e4544a4a,6,12.134267522224397,2025-04-08,27,39,23,4,85,0,node-1,9.77751241273978,13.904807731215001,2.635065328257722,28.197669245299483,33.69083861484856,30.5968330900359
ab5805f6-ec92-4bd5-b849-e9aa14b3d2ae,Gorgeous Steel Computer,Emergency Equipment,9937633d-bf05-47b5-bb07-fd77e4544a4a,2,11.2172036038723,2025-04-18,16,22,39,1,41,0,node-1,16.97448278493693,11.697180246788596,4.996129148690935,37.07565510283835,25.015126289203046,28.24286573941258
ed305c41-9c1d-4b53-a04e-5f5156d15d99,Awesome Granite Shoes,Crew Supply,7626bc3f-7982-4a1c-aaa8-9587c4372d4a,8,10.596782574617873,2025-07-14,48,35,13,2,53,0,node-2,5.34983035410457,7.806001080203893,10.781185118250853,30.18023083533137,28.950365464903058,36.56470422020159
c05db87f-a755-4c4c-963d-a9e2c72f6963,Sleek Granite Chicken,Life Support,7626bc3f-7982-4a1c-aaa8-9587c4372d4a,1,18.46728971510628,2025-06-02,12,22,32,1,39,0,jap-lab,4.1173807053083085,10.450865871972066,18.10268940865816,21.18103930510856,30.72091734558105,39.87458276485567
b8d720be-1655-4011-8644-5844aa0e7d91,Licensed Gold Mouse,Crew Supply,7626bc3f-7982-4a1c-aaa8-9587c4372d4a,2,2.9118695957074388,2025-05-15,41,33,38,5,76,0,fgb,19.546844998359582,15.006238329773101,12.359511829067687,29.326733185225706,36.01894402035067,26.81259826439971
ac39d4c9-b966-45aa-a1aa-b2fc4a924ab4,Rustic Concrete Pants,Crew Supply,7626bc3f-7982-4a1c-aaa8-9587c4372d4a,7,5.512104597667719,2025-10-11,10,21,16,3,30,0,storage-2,13.069212634047162,14.550585320977426,11.60720900230932,33.468649874375934,21.584008277883637,27.290836223219465
36dd4359-e63b-40ee-922d-1d9f26ae9dfb,Sleek Bronze Fish,Medical Supply,7626bc3f-7982-4a1c-aaa8-9587c4372d4a,4,19.970425708013707,2025-11-25,49,33,11,4,100,0,us-lab,18.393140403202313,5.951633196096509,0.637265070821107,24.96280993172556,28.629333963135313,22.062985797848345
ebbc5067-a7af-416b-9ec0-5c83b2cf84d6,Electronic Cotton Table,Life Support,7626bc3f-7982-4a1c-aaa8-9587c4372d4a,4,22.211699896741663,2025-12-26,29,27,46,3,78,0,storage-1,14.941572590702881,2.521993500213977,8.797328016918602,35.55047708093329,37.298786636307234,37.94068531985232
d52c2af2-409a-45f5-a7f6-8aa2b9747179,Recycled Bronze Chair,Science Equipment,7626bc3f-7982-4a1c-aaa8-9587c4372d4a,2,19.332560689987687,2025-10-27,46,21,43,2,21,0,storage-1,1.7776217360909041,1.771036005467197,3.9981926161404613,23.250574867643962,39.17654272095773,22.586661423919562
081a36a5-bb84-4529-9d76-0b952be94c27,Handmade Cotton Salad,Emergency Equipment,906df0df-f343-49a8-9822-98260d1c3140,7,5.916347520973458,2025-12-09,29,20,21,3,17,0,storage-2,16.778659002392498,4.715071077817576,8.56675334114877,38.424732021506564,37.79339408389039,31.678911295731368
a331fff5-6d7f-497e-af2c-f398b35d87c2,Tasty Marble Cheese,Food Supply,906df0df-f343-49a8-9822-98260d1c3140,10,10.091422279281337,2025-12-10,20,50,12,1,22,0,storage-1,15.92387895491374,0.22417273606949895,18.488296788917825,30.04658590206481,38.9274037681419,23.363790009134934
3e033b70-bd39-4a7c-ac8c-b7d805e997af,Unbranded Silk Pizza,Maintenance Tools,669e5123-c731-4289-baa9-7a668e190a52,1,9.759570977653,2026-02-08,13,17,34,3,6,0,fgb,14.25709585647395,5.161164534882586,3.4113894620476626,37.611688909162,28.707245004091515,31.167169932290562
bad703d6-63bf-42ce-b8d5-8c62e635aa32,Luxurious Gold Table,Spare Parts,669e5123-c731-4289-baa9-7a668e190a52,5,1.3043364335371836,2025-06-11,49,39,35,3,5,0,fgb,17.031759050280883,4.892782713629553,17.553150409079013,39.69838370638381,28.522977044115514,25.417609158829364
cfe7fe77-3f8e-4d44-9be2-696285167534,Handcrafted Marble Tuna,Food Supply,669e5123-c731-4289-baa9-7a668e190a52,4,10.355667441370729,2025-11-20,40,38,17,1,52,0,node-1,17.447292602979076,19.899202795111307,2.533536206852236,24.555667197509383,30.520855920736267,31.023675349414887
a9c2c107-a8a1-4e56-b920-2df0abe59c14,Handmade Ceramic Bike,Science Equipment,669e5123-c731-4289-baa9-7a668e190a52,7,24.29241940227126,2026-02-27,14,36,40,2,71,0,jap-lab,14.35090235206423,1.1256628658979517,17.36658934110028,34.452766223127966,24.671431035592825,24.68487281818484
65d3b512-9820-4695-86cb-81057bd88d12,Generic Metal Keyboard,Spare Parts,669e5123-c731-4289-baa9-7a668e190a52,9,21.98654866825875,2025-12-15,37,39,40,3,64,0,fgb,4.348616825196913,6.841748821742186,4.488119646098192,35.304069432526205,33.59081688061776,26.150905833985302
e7d97d4c-1722-4e8f-956d-f64c26b602d3,Fresh Bamboo Keyboard,Maintenance Tools,9243c72a-e978-4a62-958f-2fb3d73ffcf3,2,7.273995644698153,2026-03-27,40,19,39,2,77,0,storage-2,3.564666154969849,19.688478945860403,1.2327765122975887,24.24074094000686,22.992232018791086,29.213458365632512
2a1db1f3-66aa-4ded-9509-84efd6230288,Elegant Aluminum Towels,Life Support,9243c72a-e978-4a62-958f-2fb3d73ffcf3,3,1.0917545423742296,2025-12-27,34,38,25,1,85,0,jap-lab,8.905131718224224,8.981349570048742,19.874417932678192,35.95427667780308,24.89389913665174,35.861451938778565
be085b4b-31b7-4750-adca-c3e3284efa2e,Electronic Bamboo Car,Life Support,9243c72a-e978-4a62-958f-2fb3d73ffcf3,10,14.75459651728942,2025-12-15,29,28,39,2,71,0,airlock,7.629835237448715,15.816280923726087,12.39753796707079,25.559277646057254,28.377927766124493,35.48134573870878
a74b743e-a031-43e0-8d5f-450ac5fdb047,Intelligent Marble Fish,Experimental Materials,9243c72a-e978-4a62-958f-2fb3d73ffcf3,6,1.804457021164822,2025-04-04,39,39,23,5,14,0,node-2,11.280666796396464,11.13123323475298,15.102436964069529,25.64859712542127,30.379481139591157,34.61099486211705
587af54d-bcc0-4ace-9276-d0a4c85f4764,Generic Wooden Hat,Medical Supply,9243c72a-e978-4a62-958f-2fb3d73ffcf3,2,1.0116808792592924,2026-02-23,30,20,18,1,31,0,airlock,17.000443096329985,19.344456957244557,8.93602216572315,29.039304992315294,31.86683900077836,29.238598139652563
4c454939-2aaa-4923-bf63-8a9fa7c4b132,Incredible Concrete Shirt,Medical Supply,9243c72a-e978-4a62-958f-2fb3d73ffcf3,8,8.119760390910892,2025-09-10,36,11,32,1,30,0,jap-lab,10.753481922301358,17.57044623630968,1.4764126320365611,30.396247107045973,37.60019911306668,28.55205136137313
63fbd6f2-f7c8-4fdb-9c48-7719b0a29d12,Electronic Wooden Chicken,Emergency Equipment,e3cc85e3-0250-4aa5-a065-1e1fb0713403,10,14.626649194352687,2026-03-11,42,45,28,2,37,0,storage-2,10.626600520545612,3.2945815357024055,10.125150429105755,37.21360535532955,23.628851575505536,30.751065965775396
4d573217-4d58-4da7-88bb-d5d3e7c67435,Oriental Steel Sausages,Medical Supply,e3cc85e3-0250-4aa5-a065-1e1fb0713403,1,23.920020555520058,2026-03-28,41,34,35,4,72,0,fgb,10.537629556924237,16.963891628021322,17.009402122954754,27.45154024881773,23.87271421815486,31.063170555554905
f6814b83-cfae-4d8e-b5ab-7b9d3d9c9f5c,Licensed Aluminum Towels,Life Support,3cdfd330-ef05-47eb-8bac-39e40537697b,6,0.3168029868006352,2025-06-27,29,40,41,1,57,0,us-lab,18.836893579915902,9.220752047849054,12.69835232127161,21.093789942817775,31.865378053478462,32.8910273392909
c1eb19a7-6ad4-4d18-92fe-d7cbf2f612f6,Soft Rubber Ball,Science Equipment,3cdfd330-ef05-47eb-8bac-39e40537697b,8,22.986402935720818,2025-05-28,44,23,43,5,49,0,storage-1,7.292661631254182,19.4310489027713,12.715051658076895,33.62808822445283,28.35068204189932,25.693053683895535
a1ac2cac-0efb-4bda-b235-07068aaa0b92,Tasty Cotton Fish,Emergency Equipment,3cdfd330-ef05-47eb-8bac-39e40537697b,9,17.698900095944328,2025-04-14,49,24,46,4,34,0,jap-lab,10.558634187250398,18.716000514768456,12.16708755292392,36.231171025172515,36.27673497008604,36.167317514240345
89552037-cb43-4cbf-9ab1-3e61cdcfb3f0,Refined Wooden Gloves,Experimental Materials,3cdfd330-ef05-47eb-8bac-39e40537697b,1,23.12786691703373,2026-03-24,34,41,20,4,6,0,node-2,10.27233885847805,15.389284350333925,7.26728571867744,32.057137209462205,30.065925653266483,28.68430437318714
6883eaa3-3222-4aac-bc68-e06f4568ce34,Licensed Rubber Sausages,Emergency Equipment,3cdfd330-ef05-47eb-8bac-39e40537697b,7,16.086847369611334,2025-12-26,32,32,46,1,65,0,airlock,16.272064079084533,3.5550675845125768,19.033142773170407,37.861632171342166,26.123804410533207,28.436342836084997
02f5cd5c-cc41-4f0b-ae12-b8c0aa001a99,Bespoke Metal Shirt,Science Equipment,3cdfd330-ef05-47eb-8bac-39e40537697b,10,16.401616980768242,2025-11-14,14,46,21,1,96,0,service-module,14.123656947094606,16.393494663824782,13.250743806511293,33.85990077581049,32.06243793045087,38.75121619515385
d5a3951d-1abb-4f22-bd41-245ddc84054e,Sleek Ceramic Hat,Experimental Materials,3cdfd330-ef05-47eb-8bac-39e40537697b,3,22.775352867762834,2025-05-31,46,35,14,5,46,0,airlock,14.832760362507642,5.806646741544279,7.341052968974715,36.45928873283061,33.03068246864343,33.85901725417358
707e8624-974b-423b-9e53-02f045e78250,Modern Cotton Bike,Science Equipment,3cdfd330-ef05-47eb-8bac-39e40537697b,3,4.642693012830853,2025-06-05,30,24,47,4,18,0,airlock,8.329983002971971,12.110491545160674,0.3804853075131631,31.447979043911882,29.822057613500924,33.840227589773825
69892842-b017-4f6b-950b-ca1fd1d7627e,Practical Bamboo Bike,Experimental Materials,3cdfd330-ef05-47eb-8bac-39e40537697b,5,24.602970993628276,2026-03-17,46,42,20,1,90,0,airlock,8.035079129170974,14.568689150339498,6.224107143563118,23.373638786567398,33.69555447317402,33.9198844024907
ab5a92d2-f474-4d7b-9a7f-5e7a07275c9e,Bespoke Wooden Hat,Maintenance Tools,3cdfd330-ef05-47eb-8bac-39e40537697b,3,20.325876780019737,2026-03-02,46,21,41,1,48,0,node-2,14.94240592820968,15.068151950456151,8.132815113436546,36.40307027893477,33.48421818035234,24.667326828641546
f12dd742-7438-4f82-8a2d-576ae9a15ee6,Bespoke Steel Computer,Maintenance Tools,1ed05681-3934-4655-a025-3a984ed55371,9,8.308083033807149,2026-03-03,16,32,37,2,60,0,us-lab,9.23535281256081,15.928874341279366,6.810493833390526,36.733757886923996,38.246901983459196,22.47902107028489
f5b097e8-c9d9-43f9-9896-356daa1da2cb,Fresh Wooden Hat,Medical Supply,1ed05681-3934-4655-a025-3a984ed55371,1,5.500102621305802,2026-03-26,23,47,45,3,21,0,airlock,9.012109550501178,3.8205429482057207,0.5162760205472483,37.7854812730281,30.37053870758219,30.43518159128698
6f2af981-dfbb-4a7f-9cbd-10a725f1bc23,Rustic Rubber Shoes,Experimental Materials,1ed05681-3934-4655-a025-3a984ed55371,10,14.489602199944295,2025-06-28,31,32,46,2,81,0,storage-2,15.822435385459872,19.13897206924706,0.18142262640992612,30.141551071641516,23.903435361276543,34.36851896118011
812a1dc9-4dad-4b4b-bb44-d2ea81c345ea,Incredible Bamboo Shirt,Emergency Equipment,1ed05681-3934-4655-a025-3a984ed55371,9,3.8322357436157084,2025-04-04,30,14,46,4,12,0,jap-lab,6.757480131665281,12.716375273022821,13.335768013774885,24.89415163039741,32.26877853002625,27.441778765403747
97a1ec9f-cf55-443a-a9fe-797c19477b68,Ergonomic Bronze Car,Medical Supply,1ed05681-3934-4655-a025-3a984ed55371,9,18.358328408440126,2025-05-28,28,41,13,2,84,0,storage-1,13.408034710133872,14.852495020180719,5.629767514689121,34.076705998258035,36.426193560233514,26.869777103659892
60f69891-e169-47cc-9ebc-ab61a3c68feb,Incredible Gold Sausages,Experimental Materials,1ed05681-3934-4655-a025-3a984ed55371,10,17.278858700484633,2025-11-09,34,20,49,4,96,0,storage-2,0.42080733660746716,0.7948611434311381,12.863745978056397,22.36266315163805,30.167824809618,36.992118225359555
ff0ff699-4e77-4fbe-a59a-7fb53d3d5aa5,Handmade Aluminum Bike,Emergency Equipment,1ed05681-3934-4655-a025-3a984ed55371,6,19.019560862242887,2025-06-01,16,29,16,5,71,0,node-1,10.569770086834344,11.519846529237615,8.16100697575684,22.217159335094983,22.755007611384787,35.076605888063305
f71b16af-911d-4298-9140-ea3987c41fe5,Intelligent Aluminum Ball,Medical Supply,1ed05681-3934-4655-a025-3a984ed55371,10,19.502919771343834,2025-08-01,21,38,22,5,56,0,us-lab,5.544339527109261,8.27722083627271,3.7263799612206405,39.096080431838345,23.016899777492316,31.331616545566046
527c2328-d1f1-4eb8-b6e0-95f2890ac8bf,Handmade Aluminum Hat,Maintenance Tools,1ed05681-3934-4655-a025-3a984ed55371,2,24.016914297142122,2025-12-05,20,32,37,5,12,0,us-lab,16.329063942585925,1.6745354820988845,16.93599541409394,25.545545540225504,29.18956754188638,34.07011408127868
a219cf69-daf6-4b75-8350-4e438a6ca9e3,Fresh Concrete Sausages,Science Equipment,c653815f-115e-4822-942e-53fd2b37171c,8,14.042053236242106,2025-06-07,50,25,36,3,96,0,us-lab,11.676853134213212,3.8504409451690913,5.705616935670164,23.946806243132087,29.226914693297545,22.118172907880275
33618eb1-881c-4c15-9bbb-bde4b0b09ca7,Tasty Aluminum Table,Experimental Materials,c653815f-115e-4822-942e-53fd2b37171c,1,0.8605018955258608,2026-03-13,34,40,38,4,77,0,jap-lab,4.858069924885773,5.089240480602806,11.189974787284843,23.12693848914831,23.129641166539386,26.013790137913514
583e06f3-a83a-4ba2-b711-3b8afa528a50,Oriental Bronze Ball,Experimental Materials,c653815f-115e-4822-942e-53fd2b37171c,10,19.980611686285783,2025-05-22,40,25,45,1,53,0,node-1,10.61869613319793,18.558094179685714,10.753821899296995,26.36847794568937,36.24647879060205,36.42426893312221
b05f3a3c-d63a-4a3c-9671-4be61811e00a,Incredible Ceramic Chicken,Medical Supply,c653815f-115e-4822-942e-53fd2b37171c,3,8.263607113346602,2025-05-17,42,42,17,2,94,0,airlock,19.63133156880531,12.460348856455994,18.31800132192727,29.62258049939939,34.07633898213396,29.76580673305348
992b5887-af5b-4d5b-b2dc-a32990ce554d,Refined Concrete Shoes,Maintenance Tools,c653815f-115e-4822-942e-53fd2b37171c,2,12.536813152761686,2026-01-08,34,17,37,4,17,0,us-lab,4.152494699559847,9.704027951985296,13.850337855676065,37.62005617568637,33.790327883318255,39.15659843254369
52f04c08-1af0-4b54-8699-671a95ea6ed0,Elegant Metal Tuna,Maintenance Tools,c653815f-115e-4822-942e-53fd2b37171c,8,0.5231993116540975,2026-02-11,45,13,15,4,99,0,node-1,7.449594181416764,17.830522464957134,12.507945013963145,39.494088814222955,30.868652979784866,29.967451212517233
6014e3d5-8787-457c-91b9-78cf5d76c2d7,Handcrafted Aluminum Table,Maintenance Tools,c653815f-115e-4822-942e-53fd2b37171c,1,0.8026264399882234,2025-12-19,38,50,19,4,80,0,fgb,19.669276411793987,19.67811882210341,18.86572844387161,31.109593320239078,26.316056169387338,31.492992584986297
16db2a01-13da-4a1c-80e1-8dd0f1f3bd9b,Small Ceramic Car,Science Equipment,c653815f-115e-4822-942e-53fd2b37171c,10,4.587201279465247,2026-02-07,41,17,35,3,36,0,node-2,11.801528181492689,17.58059667871304,12.685604088082885,38.01276996194457,39.65964420095584,32.81894171047101
4b6d70c0-526f-41f3-98e2-deb236ae564f,Generic Gold Bike,Maintenance Tools,c653815f-115e-4822-942e-53fd2b37171c,5,8.236499666158238,2026-01-27,47,31,30,4,40,0,node-1,9.76488838449198,1.1612810003463259,16.65480910345028,27.575934416485318,36.41447060088339,25.518511165654044
87d275e6-0d5a-492f-97fc-a6a972173f18,Generic Granite Shirt,Spare Parts,23b42059-46dc-4dba-b177-8d3ab1551e58,1,23.376514568875713,2025-12-01,19,19,44,4,51,0,storage-2,18.665692370004592,3.987649069339654,14.327282912212207,32.88478374230998,35.669902018836595,33.04701427376466
1905d12c-0634-46a4-bc15-33815476123e,Sleek Bamboo Keyboard,Science Equipment,23b42059-46dc-4dba-b177-8d3ab1551e58,4,12.248345362258279,2025-04-14,35,20,16,4,74,0,us-lab,17.119487700131934,15.065514432359357,3.515660695909242,23.65417077856296,34.964018325464274,23.875552835367458
b05dca59-b713-40cf-9076-7f9a530e2398,Elegant Steel Table,Maintenance Tools,23b42059-46dc-4dba-b177-8d3ab1551e58,6,23.860504087612274,2025-09-03,20,11,14,5,95,0,us-lab,12.337592841605103,7.780342821110329,9.20360613813697,39.961891409802064,28.81247459613447,39.70452991809249
73e46536-f6e9-467e-bfdd-205c627b628b,Fantastic Aluminum Bacon,Emergency Equipment,9bf26127-80ec-45da-9cd2-4b003ce0661a,4,18.15377353195753,2025-04-19,45,19,22,5,15,0,storage-2,5.021303347358572,4.40164906433586,10.477156407243431,29.36942302025396,22.953571510496687,23.371182313980064
70c9b570-9570-4486-9fc1-09db1a48af61,Tasty Aluminum Bike,Experimental Materials,9bf26127-80ec-45da-9cd2-4b003ce0661a,5,15.681877386847537,2025-06-18,14,20,29,1,82,0,jap-lab,18.972092497179997,5.90701880176981,17.330709287429297,22.933553836565494,29.708730175923968,34.941820773557936
0e4c2e75-d624-4896-bfc6-8d7866553c0c,Unbranded Aluminum Table,Food Supply,9bf26127-80ec-45da-9cd2-4b003ce0661a,6,14.123659219764338,2025-07-30,34,50,20,1,30,0,storage-2,9.573046564941293,6.2785761697799325,0.8058663377350062,39.41342553317268,26.633447189272076,25.557708291901925
780869f4-280e-4716-a2de-c9d942bf3dfa,Sleek Gold Pizza,Food Supply,9bf26127-80ec-45da-9cd2-4b003ce0661a,1,22.57733501748753,2025-05-29,48,47,27,4,23,0,jap-lab,12.947174051741516,16.57297193748941,13.352385989747123,21.618468915023076,33.66019233100841,23.770935563027198
bb82327c-21ac-4612-a41f-375000077d8a,Awesome Ceramic Sausages,Life Support,9bf26127-80ec-45da-9cd2-4b003ce0661a,3,5.793734079193334,2025-10-27,48,14,48,1,79,0,fgb,6.490189873324164,5.0648136689564005,11.161865082541231,32.31811156572505,36.35401836439446,29.405745282130283
92c651f9-aa7d-4f09-bab2-5ba07297688f,Sleek Ceramic Fish,Medical Supply,9bf26127-80ec-45da-9cd2-4b003ce0661a,8,20.044593942701468,2026-02-23,14,34,48,5,92,0,jap-lab,10.41130184226277,13.480797143776947,9.30924844174802,33.02041064535893,22.615446170791337,35.047540637515525
6e5a9fed-191b-4af9-ba03-56bded6599f8,Fantastic Bamboo Bacon,Experimental Materials,9bf26127-80ec-45da-9cd2-4b003ce0661a,6,11.670660115093272,2025-06-05,35,11,14,3,30,0,service-module,17.956976695640737,19.163263883259642,12.052642045041772,32.49671607458769,37.20155077428994,33.30285544655074
1dfaf8ed-9711-4a2a-b61e-2dcd5fdc7630,Awesome Rubber Shoes,Life Support,b21442db-33b1-4cb2-bd49-749aab77ee02,10,3.0071882187056027,2025-09-25,12,47,48,1,1,0,service-module,3.75100679430054,0.8569205794872015,9.696005399117544,23.04728336809253,24.461765658622095,25.78329915767704
31a4ceaf-9978-4d40-a05a-01ee2bc3e75e,Gorgeous Steel Pants,Life Support,921c47e8-88e1-4b4d-8216-606e36b254a6,5,13.833566567940043,2025-04-17,18,22,18,5,60,0,airlock,16.39513895216506,15.37536035049557,12.476961328472973,33.763526535333774,29.591931068808847,25.179672968420185
31223d7f-5e08-4990-87e9-00ec7fbac316,Soft Rubber Hat,Spare Parts,921c47e8-88e1-4b4d-8216-606e36b254a6,3,5.830563829701228,2025-05-29,21,44,45,5,46,0,us-lab,14.788397387100767,11.030136331175937,1.4894704704329609,26.73233682628035,39.86082924500653,32.1802616416046
83c464cb-edfc-4a76-92e0-76d4809ac142,Generic Metal Table,Maintenance Tools,921c47e8-88e1-4b4d-8216-606e36b254a6,6,6.654603003799027,2025-09-02,50,10,19,3,13,0,service-module,12.571710421136142,19.11856147299804,13.782821568421149,21.63468183630509,34.086262223672605,23.08713051649043
98390be1-4357-4bba-ad94-2b8acf112fdf,Rustic Metal Table,Crew Supply,921c47e8-88e1-4b4d-8216-606e36b254a6,1,11.240085936576078,2026-03-11,49,45,22,1,52,0,service-module,9.93257121114449,12.993432836937533,4.753257310017367,34.02680589667996,24.289197086223595,34.733016621351645
4d8200b6-72d1-4437-9dde-dcdd2665a82e,Modern Metal Keyboard,Life Support,921c47e8-88e1-4b4d-8216-606e36b254a6,3,14.92133687534367,2026-02-15,16,27,13,3,82,0,storage-2,15.680175516923994,16.86000181587277,18.19907536602142,21.50441985175344,21.90169908040852,35.2812848535424
94890056-3dbf-42b6-8542-a02842fda125,Oriental Silk Hat,Spare Parts,accd81a5-685a-4aa9-a0a5-6ef79c51f179,2,8.864500386134397,2026-02-01,49,42,29,5,37,0,node-1,13.371086703890196,6.149701721584866,10.343589397475291,30.349780854402923,33.74848677114095,37.39927975813616
32394b44-1d57-4056-9b54-828693a71838,Sleek Wooden Bacon,Emergency Equipment,accd81a5-685a-4aa9-a0a5-6ef79c51f179,6,5.354544133912001,2025-11-21,36,27,24,3,46,0,airlock,16.91356168223928,11.203157688573322,18.160913027064908,36.13603612240552,30.00331389431628,36.102292604711515
657ab021-2cad-43aa-9374-93143d66fc12,Handmade Silk Salad,Spare Parts,accd81a5-685a-4aa9-a0a5-6ef79c51f179,2,0.8037603172855401,2025-11-19,31,25,36,2,13,0,node-2,4.838167495428845,11.540709720679834,0.2074460733789829,37.081477538542266,33.930249970672236,35.164817243031145
621ce071-d0c0-4f8d-b2c4-331834c87074,Luxurious Marble Table,Maintenance Tools,accd81a5-685a-4aa9-a0a5-6ef79c51f179,5,13.900726300927685,2025-07-23,29,39,13,4,98,0,fgb,10.953020930100772,14.924786872473108,17.907687395765173,35.04874839506669,30.224976486579237,27.863813229746846
8cfe0999-5a70-4a4f-b99b-aa071d773310,Elegant Plastic Bacon,Experimental Materials,accd81a5-685a-4aa9-a0a5-6ef79c51f179,4,15.008045269402158,2025-10-19,35,33,26,1,26,0,airlock,17.898111770880146,5.161490628442262,13.147929819055546,24.94393650925071,32.96232676480258,36.536444011060354
bd1199e4-4d18-467a-85e6-13913ad7c866,Fantastic Bamboo Mouse,Science Equipment,accd81a5-685a-4aa9-a0a5-6ef79c51f179,3,5.126336392573758,2025-10-03,19,34,16,3,63,0,node-2,12.835314201108233,15.709386901971738,17.846222620740797,26.845281620093512,30.207178944913323,39.539093957895616
b93ee216-4bcd-40ab-a216-017007e835df,Electronic Bamboo Chair,Life Support,accd81a5-685a-4aa9-a0a5-6ef79c51f179,3,11.822374272398042,2025-05-06,29,45,37,2,81,0,node-1,16.899741112137853,7.126005334356962,11.224703102329618,22.209625120558517,25.304561337016647,27.22219411510596
fc5ddb66-8916-4452-ba69-273e4e2d6e26,Bespoke Plastic Table,Crew Supply,accd81a5-685a-4aa9-a0a5-6ef79c51f179,8,15.059894765777782,2025-05-23,28,33,18,5,73,0,fgb,16.919934849977064,3.9020918228259815,14.903816352745014,37.41346359694151,35.09670550462633,34.60044266492802
d6bbdbda-a2c6-4169-8e60-05a2f9c4c4d6,Incredible Silk Bacon,Experimental Materials,accd81a5-685a-4aa9-a0a5-6ef79c51f179,3,18.685078925245744,2025-07-26,27,48,39,5,71,0,jap-lab,17.142874677951664,6.547111490080855,0.03733058886784768,37.77099064927331,37.697485125692424,24.79272678471036
a5d98e7b-24b4-437e-9426-a45157a8ab36,Incredible Metal Chair,Emergency Equipment,6ae16e31-0757-457f-9a7e-2e0b48867539,3,13.945217645725005,2025-09-16,43,13,47,3,87,0,node-1,16.924664500334124,13.95090900237525,1.6636333577817841,30.82533178627885,22.197855191651506,28.94533771954699
704a4366-f345-4b22-b115-6cc832ebd8a2,Electronic Aluminum Bike,Crew Supply,6ae16e31-0757-457f-9a7e-2e0b48867539,8,22.00747718612699,2025-06-18,42,48,23,3,19,0,storage-1,16.184625677300613,4.278368959848691,7.752483546428028,30.177949971335003,37.258908613156954,33.54573238894368
4a1aee8f-31d2-477d-8c90-7bd0ff63a175,Refined Bronze Salad,Experimental Materials,6ae16e31-0757-457f-9a7e-2e0b48867539,6,12.784752062345964,2025-05-21,27,40,25,3,27,0,node-2,3.619865696343616,0.9598560998634409,19.477425720102705,39.86187182387239,37.453998113159685,37.631464664751675
86025311-7e16-4500-9213-82d015baa38f,Tasty Bamboo Towels,Emergency Equipment,6ae16e31-0757-457f-9a7e-2e0b48867539,6,24.86516278845687,2025-11-11,43,40,26,3,44,0,fgb,11.858939216476552,13.222081500967352,12.729482472609687,35.9291554625442,32.21258514990295,28.2319327016855
3de8b886-8996-4f66-971e-3f0bf6b4ac38,Rustic Ceramic Salad,Maintenance Tools,6ae16e31-0757-457f-9a7e-2e0b48867539,10,3.8556641457862986,2026-03-10,45,33,27,3,95,0,node-2,2.211992578587987,13.537896264424738,15.411705971089509,27.910610305481953,28.399075924462647,23.5066389802393
fa046c73-e208-442e-9d58-556b7dbb1066,Recycled Rubber Shirt,Medical Supply,6ae16e31-0757-457f-9a7e-2e0b48867539,1,23.450792127996518,2025-08-25,44,36,37,4,66,0,us-lab,18.342594845471623,3.244884203520262,1.4268542487446845,29.70709564284816,32.812866974583415,34.894878437375446
59fc71dd-fba7-46a1-8dab-605380b7ebf8,Oriental Bronze Gloves,Life Support,df174f74-0c29-462f-bbf7-d57192005b0c,8,15.330952433970257,2025-05-09,22,26,17,3,65,0,airlock,0.533246135107337,8.021244954890982,1.9370772958208793,29.429665846469163,36.84297342682683,36.094999310720254
a3db362e-533d-427b-baf2-4f3933d1a170,Practical Plastic Cheese,Crew Supply,df174f74-0c29-462f-bbf7-d57192005b0c,7,8.819893898635998,2025-09-09,19,44,40,5,46,0,node-2,7.705724401379557,15.418730830572118,8.418190543185267,26.822350982562817,21.834851973326042,23.969928650471967
e8cd1bbc-2d39-48e3-9cfd-839f230cf631,Handmade Cotton Keyboard,Life Support,df174f74-0c29-462f-bbf7-d57192005b0c,8,23.20977114039069,2026-01-28,27,11,39,1,29,0,node-2,0.3376743780738045,15.319500833401516,7.731677564165187,22.094408714636966,25.67556769580448,21.026446990830657
faecba66-6d97-4ba2-8d29-bc2287bbd5c3,Oriental Granite Computer,Experimental Materials,df174f74-0c29-462f-bbf7-d57192005b0c,7,5.2320880616966585,2025-08-21,43,18,45,5,49,0,node-1,6.3261782696785485,12.550709171015127,17.70115388069427,33.441397500182134,29.033092679122525,26.59084382321857
84aba954-e37f-4ed1-a27f-2e53927de742,Fresh Wooden Tuna,Medical Supply,df174f74-0c29-462f-bbf7-d57192005b0c,9,14.841454777536079,2025-04-22,39,18,22,5,43,0,storage-2,5.920951646881834,10.837582444040239,10.651745391673707,35.7878924629873,27.540239431175383,23.230883822673825
1e684010-7437-4ad2-8649-3b2d9c7dfa55,Oriental Granite Car,Emergency Equipment,df174f74-0c29-462f-bbf7-d57192005b0c,7,1.6826148563812615,2026-03-28,18,49,26,5,5,0,us-lab,16.742655140928818,2.057330459146758,5.529040732620338,24.934104273013936,32.91810886372396,21.286016192920815
7ab01991-c90a-41f1-a248-2961daa02c7f,Generic Marble Shirt,Spare Parts,df174f74-0c29-462f-bbf7-d57192005b0c,3,23.655460748554272,2025-10-27,14,12,15,5,38,0,storage-2,2.4646095029932713,15.631537519626422,1.2459528798889963,25.192330623923173,37.913171400593825,25.732646208919373
bf971ad8-4d29-4a51-b488-32d8f74059c8,Intelligent Ceramic Salad,Experimental Materials,df174f74-0c29-462f-bbf7-d57192005b0c,3,1.0944057897097066,2025-07-17,34,47,18,4,81,0,node-1,0.17411716728138238,14.567614532887763,1.9201030006540276,28.221303642019883,39.50724810665886,29.126518240620115
fbfefd92-e44d-4f94-b5be-ee2e9b0af518,Handmade Cotton Mouse,Emergency Equipment,df174f74-0c29-462f-bbf7-d57192005b0c,2,7.1340276065582735,2025-12-24,21,14,28,4,9,0,node-1,2.7494566979403467,15.499137839296594,10.859633449738356,29.446516976012504,24.157041704263353,39.325010973154164
7a7cbdd3-fd4e-4824-afe0-df441e1b1693,Awesome Silk Bacon,Crew Supply,7204b5a4-4d62-48c7-a33e-73ca0fd4c607,2,18.582113277117177,2025-05-19,27,14,14,3,85,0,fgb,2.4082258840885062,13.627156774240994,15.738446830242474,34.903397369667964,21.75065342962771,29.17032290340187
73f05c54-1e83-459d-ad42-72c20de715c0,Ergonomic Aluminum Chips,Medical Supply,7204b5a4-4d62-48c7-a33e-73ca0fd4c607,4,6.010769561344821,2025-04-24,28,33,46,1,96,0,service-module,11.703061403351768,17.566781261790922,3.6974107662794164,21.92303611885672,28.7345596708326,24.319399894500613
3aa3d367-9b1b-4149-9ff3-61d5490968b2,Handcrafted Granite Towels,Crew Supply,7204b5a4-4d62-48c7-a33e-73ca0fd4c607,9,15.589148901376346,2025-04-20,24,31,40,1,59,0,service-module,1.9568003416195845,6.390053261956998,0.7914673499068092,35.57483987848192,34.453289345916794,35.353332631825694
14c949d0-ac55-47a6-b4ed-ed97378d0eb9,Ergonomic Aluminum Ball,Science Equipment,7204b5a4-4d62-48c7-a33e-73ca0fd4c607,1,2.8148274270440563,2025-07-25,34,35,37,4,58,0,storage-1,8.108934453134058,3.311738072787749,19.261461780954534,32.88223656153117,26.33993217638934,39.19829760554916
5e380982-7f49-4478-9c00-c3e575903c8a,Fantastic Concrete Sausages,Life Support,7204b5a4-4d62-48c7-a33e-73ca0fd4c607,7,18.47751919759831,2025-10-23,48,23,13,2,81,0,node-2,2.104392844767635,11.99130113392647,14.514508287315746,21.308506950006038,31.22449804764046,29.112025381663702
84a7882e-6936-4dfc-8f71-d809e727c371,Elegant Silk Bike,Medical Supply,7204b5a4-4d62-48c7-a33e-73ca0fd4c607,10,11.117015137356622,2025-09-11,50,20,45,1,27,0,storage-2,2.236701382346713,0.5849746912164955,13.104517016993057,21.555779001720417,35.74498723260156,36.66507731849713
8471cb57-bb1f-44f0-a357-3eead5cc7014,Fantastic Plastic Pants,Food Supply,7204b5a4-4d62-48c7-a33e-73ca0fd4c607,3,17.334918399679793,2026-02-12,17,17,43,1,100,0,storage-2,7.384658238566382,6.795284959699355,17.01641273174356,21.75176350918696,33.68606659684681,23.909340543562575
19b9cc10-2b6d-4504-bb82-3dd13e33ba37,Handcrafted Gold Gloves,Food Supply,a5f822d1-f709-4cb6-bee8-eee010951219,6,16.763065351788015,2025-06-06,42,41,38,2,10,0,storage-2,7.647530873269783,6.563715759912652,1.891454131896324,34.05833945920576,28.016030578669884,30.275011204544196
262ec57a-c7cb-4be8-ae20-2a7a8c9cd9cd,Elegant Plastic Chair,Medical Supply,a5f822d1-f709-4cb6-bee8-eee010951219,7,20.084146859382432,2025-05-09,49,16,34,4,49,0,us-lab,2.4081426462138777,19.738631348240403,16.81520125150091,22.012413302454334,28.889822436981092,26.42749070810479
9332805e-9f0b-4d46-92c6-b3b6fa287d5f,Refined Metal Sausages,Experimental Materials,a5f822d1-f709-4cb6-bee8-eee010951219,4,1.6915992649498284,2026-02-07,37,37,30,1,88,0,storage-1,4.879529097785065,8.73035817604283,7.612060446708336,26.435962582631753,32.16397258573471,21.05280564523083
e066e1f0-307d-468d-98d1-b4a9a359f0b0,Luxurious Silk Soap,Food Supply,a5f822d1-f709-4cb6-bee8-eee010951219,9,11.900384109764538,2025-08-16,40,32,49,2,56,0,node-2,2.7679122376424203,19.12460774551831,11.225935950213,34.99646978012419,38.63385484779606,35.32026527364336
b363c0d2-ab95-4bd7-b167-c34edc0203a9,Practical Metal Pants,Maintenance Tools,a5f822d1-f709-4cb6-bee8-eee010951219,8,3.337938130481198,2025-06-30,38,37,47,1,45,0,airlock,5.575257877026449,9.888420227578695,9.110221235808233,22.719410754230786,21.233192063927923,28.318717925006514
6d2cfe75-4fd2-4a56-b5b0-074ff2e1ed75,Elegant Metal Ball,Medical Supply,a5f822d1-f709-4cb6-bee8-eee010951219,8,6.905397502092943,2025-09-02,33,47,21,1,24,0,node-2,10.489973022682108,14.986389743380125,15.637350175031312,24.044781718997992,33.70142516599684,31.95087750418438
222d9d25-7017-4034-bc34-975d7f66c29c,Sleek Rubber Computer,Science Equipment,a5f822d1-f709-4cb6-bee8-eee010951219,7,20.857605820805617,2026-03-19,23,11,40,3,72,0,node-1,1.57934338425195,13.830908775464968,4.912277801148665,35.513962216069196,37.320765728851995,29.638053462582985
001a2ce3-0486-4fc9-abd8-759051df0f11,Handmade Rubber Pizza,Science Equipment,a5f822d1-f709-4cb6-bee8-eee010951219,10,11.01880424922192,2025-08-01,44,26,39,1,19,0,node-2,10.76117220701349,9.085733231560056,0.1983064948943758,26.121905735977233,32.17725984903672,30.27673381845043
f88c7656-3c65-4799-97ae-5684dcb5bd53,Incredible Ceramic Mouse,Life Support,a8c262aa-c3ec-42a9-b0a9-d85983b3295a,4,7.275337026058698,2025-04-10,13,11,35,3,83,0,storage-1,18.35203003000911,0.24097509272816175,5.307412786317334,33.45134463593725,25.877856706606195,29.270311400825605
9a08c213-38b7-4521-ba1e-f4c900cecf7e,Electronic Marble Sausages,Food Supply,a8c262aa-c3ec-42a9-b0a9-d85983b3295a,10,4.424598167783448,2025-05-01,23,11,10,3,54,0,service-module,17.031081346053952,12.5418654996807,12.26084946849728,33.80296926847339,35.33212108267542,36.12375413303811
9416db3b-8781-4080-b47b-e7ad35373263,Incredible Bamboo Computer,Science Equipment,a8c262aa-c3ec-42a9-b0a9-d85983b3295a,9,3.324197644116116,2026-03-03,19,37,31,4,75,0,airlock,15.513029115708306,13.70406611249522,18.09356852052335,35.93868002391083,30.63610842847971,22.768707713739524
2fad0e57-bac1-4b80-8cd5-5f15a48b9508,Elegant Wooden Shirt,Food Supply,a8c262aa-c3ec-42a9-b0a9-d85983b3295a,3,16.7582403600389,2026-01-08,36,33,48,5,42,0,fgb,4.239753130165238,16.699588685234666,0.18643853842456926,21.935933783105256,32.955275787904455,35.05943359941664
894c82bf-b767-458e-8364-96496cf98db9,Small Plastic Shoes,Emergency Equipment,a8c262aa-c3ec-42a9-b0a9-d85983b3295a,3,21.58139572155212,2025-11-04,30,39,11,1,60,0,storage-2,18.258671842819865,17.251722596952533,16.77296018926078,32.29312981859269,29.222370175100178,30.110529994807017
6a458003-2ae8-4f7c-ab32-523c05c82046,Licensed Aluminum Chicken,Medical Supply,a8c262aa-c3ec-42a9-b0a9-d85983b3295a,3,14.417396916118042,2025-09-06,46,37,40,4,62,0,node-1,18.96830542674449,16.35004995212492,10.380469582826407,31.783444771640255,33.90207319001509,36.173436206610084
674fe164-04cb-4f84-b341-9361c6ae8aa4,Licensed Marble Cheese,Food Supply,a8c262aa-c3ec-42a9-b0a9-d85983b3295a,9,19.092011378874602,2025-08-23,34,26,22,5,28,0,node-2,15.219422160614046,13.02309448153082,8.86346015742593,33.93361277717237,23.949215689052476,31.97103296741908
5a12792d-b42e-4733-adf7-a39010e8fd57,Handcrafted Aluminum Mouse,Food Supply,a8c262aa-c3ec-42a9-b0a9-d85983b3295a,6,12.035934007307693,2025-12-31,47,11,15,3,37,0,node-2,5.67373653705642,17.782244605483996,6.6789270087100405,28.778150620203654,23.658367288616727,28.15036035823904
7ee885d8-2e6c-4e5e-a82b-fa663ca52f79,Fantastic Concrete Chair,Emergency Equipment,5434f0a7-e4a4-430e-85e8-2fd75afe7259,9,7.8766326530385715,2026-03-05,22,17,11,4,33,0,airlock,5.206090553121207,10.504480833965717,6.187785343263292,29.192714895745866,23.614619119496272,27.046157797394645
5de07a65-988b-4d49-9e7d-b68da936e977,Soft Plastic Sausages,Experimental Materials,5434f0a7-e4a4-430e-85e8-2fd75afe7259,2,21.723888432966135,2026-02-15,20,14,40,2,95,0,storage-2,17.997742797508806,16.03242756959212,7.260881818355401,27.345183227510258,31.248308674598867,33.55193263423061
4bdb94b4-bbae-4cf7-81e6-a5a6f41d3b4d,Refined Silk Salad,Medical Supply,5434f0a7-e4a4-430e-85e8-2fd75afe7259,8,18.48031997455745,2025-12-16,17,46,14,1,7,0,node-2,12.57778782058466,18.41994921858412,3.3318060579302844,25.798636586521642,26.706945950275973,30.251178210112755
5bca8810-1513-4f5b-bf71-3c76f368a6e0,Elegant Steel Hat,Spare Parts,5434f0a7-e4a4-430e-85e8-2fd75afe7259,1,2.832347316868944,2025-12-10,19,37,31,5,41,0,node-1,18.45047110118634,9.75920249257085,10.670684844094094,38.45105559783025,23.67054936228599,27.568969119962134
cb0808e9-1fe9-4532-806c-0793a77ee313,Licensed Concrete Chicken,Crew Supply,5434f0a7-e4a4-430e-85e8-2fd75afe7259,8,20.315449713959545,2025-12-07,16,15,26,3,100,0,airlock,3.0827311866324125,1.0158337297298448,14.705813529267282,32.750229504363816,39.21538513537206,21.783034798327208
6b23c4f1-d4b0-4a26-95fd-9438b8a10c22,Practical Concrete Sausages,Maintenance Tools,d0e9d722-28f0-4642-87ba-83cf4049727d,7,0.6367615846756568,2025-04-08,43,17,43,1,92,0,node-1,15.269367971220733,16.34642989578304,5.021645062454699,39.20110166145433,25.282150845064518,21.735436547130934
2f7afd67-5fd7-4af0-956b-9a31ffc51a87,Generic Plastic Gloves,Emergency Equipment,d0e9d722-28f0-4642-87ba-83cf4049727d,7,9.310124371344422,2025-07-16,33,17,21,4,4,0,airlock,14.776848176618174,13.773241793286433,7.720931667515982,37.95337268507119,31.2052374080057,23.960955177862374
e8c3e605-9642-4934-836a-384128e94826,Rustic Granite Hat,Life Support,d0e9d722-28f0-4642-87ba-83cf4049727d,2,2.7802320552954316,2025-05-13,23,34,14,5,79,0,node-1,5.833828587812587,7.87992165990201,8.259424235170052,21.50935184884452,28.871447407192456,35.55236522806271
c49c03dc-2ec2-472d-8944-b4901fcd5ba0,Electronic Granite Shoes,Crew Supply,d0e9d722-28f0-4642-87ba-83cf4049727d,9,23.70365846988337,2025-09-26,17,32,38,1,52,0,airlock,9.265951682079844,5.413294659911781,8.08143159389319,29.187318411219383,39.98072281796297,21.915975148633866
3d42854e-dbd7-4b4a-ad17-100809e6efe3,Electronic Granite Sausages,Maintenance Tools,d0e9d722-28f0-4642-87ba-83cf4049727d,8,18.01439946130025,2025-07-05,16,10,26,3,32,0,airlock,15.368016487958588,18.19848565312408,15.381523202190603,28.037029523224955,37.051634119274084,31.870153730423034
2e2b6f45-31a7-4082-b7b1-e7ce3d92cc77,Generic Plastic Shirt,Science Equipment,d0e9d722-28f0-4642-87ba-83cf4049727d,4,20.86411704597618,2025-09-30,36,47,23,4,12,0,fgb,4.242258471141771,17.541576509339333,3.271877083309742,23.201522347238516,30.869534020740076,27.186909021840613
19b5dcef-5be6-4b34-95b3-04da3d14bbb3,Tasty Metal Tuna,Spare Parts,6f8b447e-2cc0-4ec0-aa83-49c76840ec8d,1,14.847232741156043,2025-06-21,24,50,38,3,27,0,storage-1,3.7962045962216884,19.174651917163516,9.878562751848058,38.983705203257365,28.782601477401116,38.56929041905551
e27fa75c-64ea-4cb0-bac3-bdb767ad360b,Recycled Ceramic Sausages,Medical Supply,6f8b447e-2cc0-4ec0-aa83-49c76840ec8d,2,7.0038803452840686,2025-11-26,50,35,11,3,84,0,jap-lab,5.8980460482606585,13.40914697876296,10.02249929279953,31.399136130380718,27.463622377271196,25.762804770399757
264105ac-bd05-4fd3-b64b-b80ace06f8f0,Intelligent Granite Soap,Crew Supply,6f8b447e-2cc0-4ec0-aa83-49c76840ec8d,2,7.032319606554053,2025-07-27,20,33,22,2,36,0,fgb,2.606072724898425,13.387757048353489,13.912452074969464,36.917682779527276,34.634694239654884,28.997910896666966
4b3343f0-556b-4fe2-a02f-fd63667a1670,Electronic Concrete Tuna,Maintenance Tools,6f8b447e-2cc0-4ec0-aa83-49c76840ec8d,4,1.6259084835017976,2025-07-21,32,49,46,1,7,0,service-module,3.5728821424099078,13.544037020493917,7.130798376976708,38.28412006747253,25.36483172106673,31.167656046435056
08cb73aa-1de9-4834-b085-0263a6ec14c6,Awesome Silk Chicken,Life Support,265a88c3-028c-4cc8-98c3-cebed2bdc93d,3,15.5969003336365,2025-11-22,49,40,31,1,24,0,node-2,11.160511385408121,2.261029373126744,17.4211264390329,35.64264750367354,36.505398645148844,21.554747047856463
a2efb973-4c9b-4031-a2c3-71c94fe3c5c5,Elegant Aluminum Pants,Emergency Equipment,265a88c3-028c-4cc8-98c3-cebed2bdc93d,3,16.107454453951394,2026-03-11,16,11,23,2,88,0,storage-1,6.438154056568422,7.701599541746491,2.121944448666173,23.845232558388414,22.669095466456245,36.815294516415086
907dab80-0043-48cd-97bd-12853add25cb,Bespoke Bronze Towels,Science Equipment,265a88c3-028c-4cc8-98c3-cebed2bdc93d,8,18.19161597241648,2026-02-14,26,14,37,4,85,0,airlock,12.013634777965498,0.7922448719317532,6.385054447358025,37.361175972438474,27.38048705431298,29.89904717965237
44b812c5-6572-44df-82b6-821a573538de,Rustic Wooden Towels,Crew Supply,265a88c3-028c-4cc8-98c3-cebed2bdc93d,9,6.937417307312602,2025-11-07,13,22,23,3,88,0,airlock,12.139084169513254,11.505020280009685,0.7518354692734341,24.723307995087886,32.24574565883353,25.902557470026338
97aa1d8a-0c28-4015-99f4-f8dc4b2ad1b7,Intelligent Bronze Shirt,Experimental Materials,265a88c3-028c-4cc8-98c3-cebed2bdc93d,9,0.9012386318051897,2025-12-21,30,31,28,5,87,0,jap-lab,9.27070173235068,12.593757738464312,3.062641308364813,30.0523805386986,38.73541296168752,31.228530535589243
ee065f55-05d9-4e52-b57d-36521f68ac90,Fantastic Silk Soap,Spare Parts,265a88c3-028c-4cc8-98c3-cebed2bdc93d,2,3.547883405324873,2025-08-29,27,31,32,1,77,0,airlock,1.9354419304516801,8.46635515050071,15.494790494639455,23.41986278828741,21.960372868566584,25.090359207322148
b4dba46a-046d-4ea3-b276-5a0f8d62d402,Intelligent Aluminum Soap,Life Support,265a88c3-028c-4cc8-98c3-cebed2bdc93d,7,13.014473577690728,2026-02-15,36,36,49,3,96,0,fgb,16.094742968017272,9.702700549209283,10.585202442744405,32.83110900356015,26.353148151582303,25.87222486105732
c0e639ae-aed5-4acd-8d9f-2572bc5696ac,Generic Cotton Chair,Experimental Materials,265a88c3-028c-4cc8-98c3-cebed2bdc93d,4,3.4301406060495854,2025-05-07,37,45,17,4,52,0,node-1,16.506338411343847,6.628320380226993,0.89216732163379,21.340317499715475,31.234503267086545,24.451543507215533
7390193c-91d7-4b7f-b2fc-f4bdffb90f75,Unbranded Steel Computer,Medical Supply,f5aa2098-7983-4089-be45-5125863c4a89,6,23.835532090579,2025-12-27,25,19,42,2,35,0,us-lab,16.645395789962873,14.832613393663426,0.39620764973321343,25.207990384921708,34.52154938006597,28.104057605326258
f44e4d08-8399-4904-b382-0cb2a6e97038,Recycled Metal Bike,Emergency Equipment,f5aa2098-7983-4089-be45-5125863c4a89,5,8.193296870359866,2026-02-03,24,14,42,5,11,0,storage-2,6.079805574909118,11.755275569822102,19.266390545789456,37.70387469818278,34.49710094695527,38.548639762812485
51d885f9-6b14-4344-9691-01fbaab2d06a,Oriental Cotton Chicken,Spare Parts,f5aa2098-7983-4089-be45-5125863c4a89,8,5.420733384722019,2025-06-14,30,15,20,1,82,0,airlock,6.72308843783036,5.5342890849765,11.335394120059135,31.28615889275217,23.9306145140958,35.05340267616267
03f7992e-e535-49f5-8ff1-2bf17dc658b3,Fantastic Aluminum Keyboard,Food Supply,f5aa2098-7983-4089-be45-5125863c4a89,6,6.634470945367311,2025-06-28,12,26,18,5,4,0,storage-1,3.3564112351530184,10.0842096301691,6.335487000270257,36.75366418498133,37.220160767296505,29.267816764337365
c1aed297-308b-4f29-be93-f44803478671,Oriental Metal Sausages,Crew Supply,f5aa2098-7983-4089-be45-5125863c4a89,2,22.42740786385779,2025-05-31,49,44,29,4,29,0,fgb,5.443707556470255,4.855857937136938,13.199241352615775,25.014415923890695,34.11963728695368,23.00366623968491
24e252c3-0e5f-47fa-b2ee-e9c69b8e81b7,Rustic Concrete Car,Life Support,f5aa2098-7983-4089-be45-5125863c4a89,10,13.653455019549655,2025-09-02,26,50,12,2,67,0,node-1,11.291065922510127,3.24068861247065,19.656454178411064,22.423815150315207,21.988202535319914,34.3881922679125
744d4590-9b42-453c-a239-dc89dc9be4dd,Bespoke Silk Shoes,Crew Supply,f5aa2098-7983-4089-be45-5125863c4a89,6,24.07480470109666,2025-12-18,14,47,11,5,97,0,node-1,4.253964125654641,0.4982629954122597,2.770358197366569,28.531267670569846,37.69109025679597,37.603367257992225
2f05bfa0-fdc6-4084-afeb-7ebcc3f7036e,Unbranded Wooden Car,Experimental Materials,05e30046-d677-4327-b531-f32fb378aeac,10,11.943410388589626,2026-01-12,31,40,37,5,22,0,node-2,17.481894989963607,9.08219569641172,19.92709315597625,21.286307301426753,33.63232086690628,23.729704836077794
1efec355-769b-4ddf-b27b-97bf24e0b766,Practical Metal Fish,Science Equipment,05e30046-d677-4327-b531-f32fb378aeac,8,13.534064283933626,2025-10-14,47,20,45,4,91,0,node-1,5.020436921744073,2.065196798907387,12.209450055689352,34.234597276463326,25.785045055937637,31.99517190987645
f371060f-a79c-40b3-a814-cd9ef6090ed9,Fantastic Cotton Tuna,Spare Parts,05e30046-d677-4327-b531-f32fb378aeac,2,9.478447576127218,2025-06-19,47,39,42,1,61,0,jap-lab,13.691839621311859,3.0612841757698694,0.85935880094407,27.192664178605995,26.148493078835717,30.171250194487985
cd075059-1c85-4038-9332-b67e8f57e9fa,Generic Marble Tuna,Crew Supply,05e30046-d677-4327-b531-f32fb378aeac,4,22.011765381872575,2025-09-14,35,26,40,3,44,0,service-module,8.077876778906672,4.507805328148344,11.780511280484289,32.59666013882449,29.903093516249463,33.01022886936309
ade0b441-5189-47fe-8fb2-c9bdf2e3fb4b,Soft Bamboo Chips,Experimental Materials,f429abbc-ce91-4f8a-8fdd-ad5d81260d1e,3,3.8583203473990495,2025-06-05,42,43,30,2,62,0,airlock,11.518354061827889,15.216561382350607,9.902918875625753,25.376004740792567,22.339237592184148,36.1151525845663
79e7a61b-2aee-446e-82c7-b70464bf4cf7,Unbranded Bamboo Chair,Experimental Materials,f429abbc-ce91-4f8a-8fdd-ad5d81260d1e,5,15.402015224533903,2026-02-12,11,15,45,1,11,0,fgb,0.5744154418432856,12.62896079722674,8.463921795748286,22.08926763021286,35.89414384607557,28.921093983665344
6feb8b12-7b33-4fec-9425-2bafa0701324,Luxurious Bronze Mouse,Science Equipment,f429abbc-ce91-4f8a-8fdd-ad5d81260d1e,10,6.4261036847309265,2025-06-12,43,48,27,5,53,0,fgb,18.294090971921182,11.40096378463501,10.305291856176522,27.177327016156397,35.42577352821883,37.138883115825124
4d6d4335-22d1-453c-8dab-8a097e2e4f92,Luxurious Concrete Salad,Spare Parts,f429abbc-ce91-4f8a-8fdd-ad5d81260d1e,1,20.15814530162816,2025-05-17,24,26,37,1,47,0,airlock,1.941711009213729,19.503388313369342,1.4367053257265172,36.14119691140846,26.872368211753,29.414110116759403
0a77936c-c596-4ade-948a-3d8316cb0fe9,Unbranded Wooden Tuna,Science Equipment,f429abbc-ce91-4f8a-8fdd-ad5d81260d1e,2,22.855823314469568,2025-12-23,33,34,24,5,59,0,fgb,10.25239434817869,14.863600966063146,18.978689333014053,39.23977073240882,25.107681410587425,39.46230074658339
e4754ed4-29d0-41f6-86ff-2f37212f5a9c,Generic Ceramic Soap,Life Support,f429abbc-ce91-4f8a-8fdd-ad5d81260d1e,1,11.452856294740185,2025-07-17,14,32,22,3,10,0,storage-1,7.950792292646815,16.757978352510044,15.363471741903773,30.38585927599533,35.76481900049325,33.24710849835239
9090e8ee-c2f8-4dcd-a27f-4211ec63e7f7,Recycled Metal Shirt,Emergency Equipment,f429abbc-ce91-4f8a-8fdd-ad5d81260d1e,10,6.9662546222362,2025-10-12,31,28,16,2,40,0,node-2,19.669184150258324,0.2935031772641983,9.222244114976148,24.400703127849347,26.084477723571688,26.859099742746942
ae790f26-4b50-4bc9-abe2-e72d9f7307e2,Soft Metal Bacon,Maintenance Tools,f429abbc-ce91-4f8a-8fdd-ad5d81260d1e,7,24.9492811680108,2025-11-16,20,50,32,5,31,0,service-module,14.591656247077935,15.97177057351719,16.029134569750653,29.803350428408905,36.19545188538472,25.03973864193295
df5b72b3-95b1-4e5d-ae58-6cfce39f524e,Soft Gold Hat,Crew Supply,972075c7-d6ac-48e6-b485-3f2976ad9cfe,10,14.607122857682368,2025-08-15,47,18,20,5,50,0,node-2,18.815321728808915,7.381544921358591,1.358419790645713,35.493959128902915,22.368367529211344,31.28733446160863
9e5a338a-5fb6-4b3a-87f0-3a2693ffd365,Tasty Bronze Sausages,Food Supply,972075c7-d6ac-48e6-b485-3f2976ad9cfe,6,11.303693819873967,2025-10-31,29,20,12,3,41,0,airlock,3.2911659944122795,4.699278906679982,2.85995304253029,35.84766668049035,24.63524356914108,33.33592701780708
a62cd76e-2b20-4c40-a0de-a90fe674c2e7,Awesome Silk Towels,Emergency Equipment,24662ef1-8fa1-40f0-8973-af8d2f9b63dc,7,3.972393446778105,2025-07-10,40,26,11,1,40,0,jap-lab,19.561307245343546,1.8799873900643305,1.486345189387448,36.329066677034156,36.61285212108631,33.370613279639
21a7af4f-d764-4480-bd6e-8881d85f6b5f,Intelligent Gold Gloves,Spare Parts,24662ef1-8fa1-40f0-8973-af8d2f9b63dc,8,9.014815749351778,2025-06-24,47,32,13,4,89,0,node-1,1.742020452734161,18.007678725347404,0.9517955287271174,34.791167164360026,37.58151150168859,37.866802225957755
5b0a4b03-f51c-403c-ba23-56f19fd85de9,Awesome Cotton Towels,Emergency Equipment,24662ef1-8fa1-40f0-8973-af8d2f9b63dc,9,0.24222501271034308,2026-02-27,44,14,26,3,63,0,service-module,17.33919247193481,15.483328170865873,0.19292191632794387,27.90412931785035,28.04850507462856,22.778365576749163
3571d283-c20a-4c10-adf2-dfb4c5b5939e,Refined Rubber Ball,Life Support,24662ef1-8fa1-40f0-8973-af8d2f9b63dc,1,1.1257173629676005,2026-01-15,16,33,50,1,32,0,jap-lab,16.095151904244954,11.948482615584375,14.952704028619818,38.66823801712818,28.54944830038444,21.97129984763501
7d1eee35-ebdc-4b93-b2ea-eb5bba02a407,Recycled Granite Gloves,Medical Supply,7f05ce32-67c1-4bea-a783-f55ffa8ea96f,10,16.8232559149712,2026-02-16,35,18,18,5,83,0,jap-lab,6.559396434127695,3.680764708622648,1.1547765361107931,28.599810066453166,39.008708234829385,35.857839076651956
a0f025cc-4112-468b-8d28-09ad7cd510a1,Frozen Wooden Salad,Spare Parts,591351db-1701-49bf-b0b6-25f46c362b34,7,15.31287409148759,2025-10-31,50,39,30,3,72,0,airlock,13.597609084987926,18.14401562744484,5.338672587710378,33.13010007723579,38.59877569797128,22.62829811551545
e616148a-74a6-4351-89a9-d26189ca7417,Bespoke Plastic Tuna,Medical Supply,591351db-1701-49bf-b0b6-25f46c362b34,10,19.2637296362225,2025-05-24,26,25,23,3,91,0,node-2,12.34431339578655,15.274457959593835,11.265751630665676,24.24524520208034,38.08834345918996,26.706587066569995
23a8cdcd-2721-432a-bc7a-ddd4a4679024,Awesome Concrete Ball,Food Supply,591351db-1701-49bf-b0b6-25f46c362b34,1,2.155531224317621,2025-10-22,37,37,46,4,49,0,airlock,10.166558618109518,4.845939506584312,0.4596236774220097,26.600039839972855,28.326469245969754,35.84407149462593
d71cdbe1-85d2-4ee8-989f-73102973f76c,Electronic Granite Chips,Experimental Materials,591351db-1701-49bf-b0b6-25f46c362b34,10,3.2961328498316624,2025-06-19,35,39,26,1,47,0,us-lab,3.1069919815425617,13.111356361900073,2.8599978553243766,29.532812792688823,31.661221787815272,38.24690751111359
07348484-2a65-4f99-bb7e-2e4e29365507,Handmade Metal Shirt,Emergency Equipment,c7d00941-d0e3-455c-8b84-a43ec36a0b0e,9,4.132860057370344,2025-11-13,27,15,32,1,38,0,service-module,15.989193925932941,1.1715867401340119,11.006997562887246,37.67227900754192,36.01520789042898,25.32282798213328
b5c9eac2-5675-4960-acdf-3adaea946af6,Soft Bamboo Keyboard,Crew Supply,c7d00941-d0e3-455c-8b84-a43ec36a0b0e,10,16.005659308956,2025-09-21,36,12,31,3,64,0,storage-1,2.886715819799992,17.503538795567216,13.912656332897528,24.116111184501968,32.62282384950295,38.192001258795216
82cb224a-15d9-4498-a9d5-df288b31386b,Sleek Cotton Shirt,Emergency Equipment,c7d00941-d0e3-455c-8b84-a43ec36a0b0e,7,21.998308837633406,2026-02-06,32,41,25,2,61,0,storage-2,3.7764118234636435,1.8639336078737068,19.497068164922446,29.992703330738223,34.5131198488648,34.93577763960772
c7a3fd37-4842-46f2-a818-5e754aec5adb,Handcrafted Granite Hat,Life Support,c7d00941-d0e3-455c-8b84-a43ec36a0b0e,10,24.191312539631994,2025-10-13,29,45,37,2,22,0,storage-2,9.839458646508294,19.427405371636773,19.065091931466394,24.59285022343311,29.649798179724673,33.79553729729417
e9a2248f-2530-4df8-a840-def35a94fabe,Generic Aluminum Cheese,Life Support,c7d00941-d0e3-455c-8b84-a43ec36a0b0e,1,9.21892687410096,2025-05-23,26,49,43,5,76,0,node-2,18.486641505331075,17.811597004492533,10.329294894248669,26.978798048642982,25.213863147903893,29.112376237558802
ff2ecfd3-bbc5-40d2-b792-1e7ff3d10c2c,Luxurious Silk Mouse,Emergency Equipment,c7d00941-d0e3-455c-8b84-a43ec36a0b0e,8,17.048874463840658,2025-09-15,38,39,33,5,93,0,storage-2,17.458710613620667,8.065343858406408,7.145773926625399,36.67910538612742,29.516075314021784,32.981654067817594
dcaf2463-4943-466a-8178-53fa7384ba6a,Elegant Cotton Keyboard,Medical Supply,51078a9c-19ee-4576-b323-30df9b4b6238,1,7.988518690283737,2025-06-15,26,20,24,2,74,0,node-1,8.123405915633391,4.075405315120609,7.161147814271085,37.32447124361394,34.87399406312681,32.19359477981412
a1fb71ec-f901-40d1-a3f9-5022da60893a,Handmade Rubber Table,Crew Supply,51078a9c-19ee-4576-b323-30df9b4b6238,10,23.612000062299483,2025-12-01,22,48,45,4,68,0,node-1,10.106871460307316,10.3777375158539,18.07026257236352,30.94980151330823,21.445042105140562,39.89837784055733
f0496790-fc79-46a0-b37c-1dd079e88b53,Bespoke Bronze Towels,Experimental Materials,b25666c0-77e6-4755-93df-140db0d7ce22,6,2.6575359486542407,2025-04-14,20,48,41,2,77,0,us-lab,14.595371661644258,3.245040611063821,15.774625308224643,36.921696802829786,31.560820490419182,38.18510781292075
b69caeee-418b-43c6-b3e4-d78ace206c89,Bespoke Granite Keyboard,Crew Supply,b25666c0-77e6-4755-93df-140db0d7ce22,10,22.122771291262584,2025-12-16,17,18,24,2,36,0,airlock,19.912702952386493,7.126956971634899,9.924967075092715,26.92798348759599,38.12751145721185,26.382815786280187
d44159c4-2811-44d7-9cf7-d77b751df9da,Soft Concrete Soap,Spare Parts,b25666c0-77e6-4755-93df-140db0d7ce22,1,8.023532805382883,2025-05-29,11,46,23,5,58,0,jap-lab,10.813608567504344,12.554303134556156,3.636759639541416,39.15372930083501,24.00263314724101,24.001530184475527
3b925a04-c79c-45b0-822f-37d9a5c7fa94,Small Ceramic Pants,Medical Supply,b25666c0-77e6-4755-93df-140db0d7ce22,10,14.678379537258818,2025-10-16,11,19,33,2,95,0,node-2,4.919523702094009,10.183509038213218,4.254115575368955,33.49629778704153,34.120267249587585,23.111916920989128
05375609-311e-4a3f-8b05-1d9386658c5f,Elegant Bronze Chicken,Food Supply,b25666c0-77e6-4755-93df-140db0d7ce22,6,3.9993742080945753,2025-07-14,28,18,44,1,13,0,storage-2,6.104075792844547,12.637082113378144,14.994608210553332,25.442021797594897,35.60627951502335,23.276419289581224
05789a58-5b03-4713-849f-34f45e469c2b,Licensed Marble Computer,Science Equipment,b25666c0-77e6-4755-93df-140db0d7ce22,1,0.2539460104840907,2025-10-01,26,40,41,4,53,0,fgb,10.353628973293993,16.111147469058768,12.752559896427126,28.6969958377691,26.52318072869904,39.586510325437416
e74e24a4-2aab-4485-9036-1e5b01a6cbfa,Soft Plastic Ball,Emergency Equipment,b25666c0-77e6-4755-93df-140db0d7ce22,6,8.62059273450311,2025-07-03,36,14,10,3,67,0,storage-2,15.501129960374865,5.503798462317267,18.760478353036547,26.89569359622277,36.87063321568244,29.53530509799937
144390bf-b124-475d-8d1c-5c371204a09e,Licensed Aluminum Hat,Maintenance Tools,c9a5f314-4f5e-440c-9995-e041ca66da2b,4,5.8366964345183,2025-12-24,49,32,11,5,91,0,fgb,18.066074322114925,18.255903437642335,18.48089463092198,34.1678598326667,22.792413900252658,36.03358004640641
ce464ab7-6b81-48d5-95a7-79fa96836ed6,Licensed Plastic Mouse,Crew Supply,c9a5f314-4f5e-440c-9995-e041ca66da2b,5,14.727301787248967,2026-01-19,50,42,39,4,72,0,storage-1,17.218017825622947,13.261522665952512,11.091117610573848,31.715603532796003,23.34598110576259,24.714180371128744
5fa898e3-f483-4f44-8ffd-ccfa8b036d5b,Intelligent Concrete Chips,Experimental Materials,c9a5f314-4f5e-440c-9995-e041ca66da2b,4,20.765759992165833,2025-05-07,28,40,27,1,28,0,jap-lab,9.137538335948861,17.304460855500107,5.420874975434231,26.982928406514176,30.36802404703428,26.24690305773882
e63e4c8d-f660-4392-aa9f-9b975f462950,Licensed Bamboo Soap,Maintenance Tools,c9a5f314-4f5e-440c-9995-e041ca66da2b,4,3.0364896907864085,2025-08-31,45,24,30,4,86,0,storage-1,2.8288698843146465,11.168073083151778,3.0644797170678784,26.684054871860322,21.449414226607118,26.09449628713991
9562fda2-641a-4902-a5f4-3d308f46c0db,Sleek Steel Gloves,Maintenance Tools,c9a5f314-4f5e-440c-9995-e041ca66da2b,2,19.017322105044524,2025-06-09,21,25,41,1,83,0,storage-2,3.940551891685875,5.404503688968038,1.414483076620745,27.138741733298616,22.797422620680436,23.79891920492432
2e33be0e-9c94-475e-aafe-4b91a12c0d9a,Ergonomic Silk Mouse,Maintenance Tools,c9a5f314-4f5e-440c-9995-e041ca66da2b,1,3.758955956251605,2026-02-09,39,21,38,2,55,0,us-lab,7.553116813908646,3.7020321634833753,0.5714664212518406,31.271907725903446,24.222390781442417,22.40082892163167
de4945cd-189d-49b3-9c23-58e1010f7055,Incredible Plastic Salad,Food Supply,c9a5f314-4f5e-440c-9995-e041ca66da2b,6,1.807295783234047,2025-12-17,10,34,49,1,14,0,airlock,10.48385957119834,3.7001377821104287,18.734974007874467,26.908530575565436,33.76224589400138,23.434061125472912
b465519a-58a2-4e73-80f6-c32d53a48f46,Tasty Aluminum Bike,Experimental Materials,c9a5f314-4f5e-440c-9995-e041ca66da2b,1,21.644739495958344,2025-05-11,13,32,43,4,28,0,node-1,11.983717799594052,12.206956659203506,5.968964683801947,33.13216259011874,32.98597459770622,21.14402028865181
44902b8a-af17-4e20-8155-150443789887,Gorgeous Aluminum Shoes,Spare Parts,c9a5f314-4f5e-440c-9995-e041ca66da2b,9,9.48522071595524,2026-01-19,33,24,35,2,39,0,node-1,18.468647874476517,10.005166841439088,7.0862090094735475,31.759268154932492,29.738434941477067,22.639215267157784
81767ded-7888-4173-922a-6c28f4a5dbed,Generic Granite Towels,Emergency Equipment,c9a5f314-4f5e-440c-9995-e041ca66da2b,3,2.109977281441475,2025-12-10,50,15,10,3,67,0,jap-lab,16.784903074492505,17.53600154925713,15.527034363229372,26.409847349067086,39.7905936811443,37.49270443865059
b07fdffc-5d23-4b88-93ba-69e2a66211b4,Unbranded Steel Mouse,Spare Parts,94056ee5-20f3-4e01-86ca-93a98fb6245d,8,24.82273141213185,2025-11-18,35,36,37,5,25,0,us-lab,5.6301492580978945,18.97346628166084,11.712344666994163,36.6053900691704,30.79435923469402,30.723803025028616
2a5385a3-571a-4c8b-beff-afc936f0bac5,Generic Metal Chips,Experimental Materials,94056ee5-20f3-4e01-86ca-93a98fb6245d,1,8.76125406000126,2025-04-07,48,35,34,3,35,0,jap-lab,7.1307145181066645,14.004966981360756,11.708691787435688,35.89097459002407,26.21041069521933,37.300614661893945
b9e75c4d-2327-4466-b10f-1aeae746d594,Elegant Ceramic Bacon,Spare Parts,94056ee5-20f3-4e01-86ca-93a98fb6245d,2,4.012171450240111,2025-06-13,34,16,33,4,40,0,storage-2,15.899515500222783,6.257124740541238,16.200785846551298,28.773592230887612,22.58684397100108,24.566655864565664
5a7df6f2-800d-4bcb-885e-5a86617e035e,Bespoke Aluminum Soap,Maintenance Tools,6a4f10f3-ab85-4103-b852-cddb0e7bf6f2,7,18.770397608503455,2025-07-11,12,37,25,5,85,0,fgb,5.160129513450404,11.53246560656549,8.530653108191357,37.87322769145673,24.63178402022498,34.978016071447506
51a6101c-aaa6-48f3-8155-b54bcff3b3ff,Recycled Gold Chair,Medical Supply,6a4f10f3-ab85-4103-b852-cddb0e7bf6f2,10,2.8082320514159034,2025-04-29,27,11,38,2,5,0,service-module,18.027778465795386,18.93915950709691,6.833851732375993,26.54639443863545,30.114586110551954,29.200279629553144
3ab47a1c-9540-415e-a243-673043d8997a,Tasty Granite Cheese,Life Support,09a34760-a310-49d8-96d5-2f1cc4c6d3b8,6,18.867847205583466,2025-11-03,17,39,39,3,41,0,us-lab,11.28273787480887,0.5624912465276788,11.596065315552542,34.13718879506348,31.940611851922753,27.774860747375335
a60385d2-8765-4699-9538-65234084189b,Small Granite Bacon,Medical Supply,09a34760-a310-49d8-96d5-2f1cc4c6d3b8,8,20.54598896468164,2025-07-23,38,31,45,5,62,0,service-module,11.664413191437916,1.4129820633634793,13.627872509752049,35.20738552257023,23.191511303816952,30.91017759706412
16cc4ed0-25db-4a55-9253-e2db1c153e6c,Fantastic Bamboo Bike,Science Equipment,09a34760-a310-49d8-96d5-2f1cc4c6d3b8,7,3.8210252396453495,2025-12-27,26,43,21,4,56,0,jap-lab,2.6587560054551274,4.098844055206188,14.622765106639564,39.24156331434272,21.889895045148815,36.26640405443547
9c879736-476c-49fc-8027-0532011dfb2d,Small Rubber Car,Science Equipment,09a34760-a310-49d8-96d5-2f1cc4c6d3b8,2,9.42976000076993,2025-10-18,19,19,27,2,33,0,storage-2,10.488501249189204,4.2523022928182925,4.730529119535731,21.607503573976658,39.06443956453687,39.838891941193495
afeb0fe1-eade-4036-8c5c-8f1d34772469,Handcrafted Silk Computer,Science Equipment,d4cee285-344f-4216-ab7d-7ab81a558985,3,16.17230946273197,2025-08-30,25,23,50,2,66,0,node-2,6.9999048846000855,15.962258441024083,2.0412562669990653,28.651362073926407,34.602720239828066,24.032034409289047
651cedd5-aa23-4c0d-9e2f-82abd3d87bb2,Sleek Aluminum Chair,Experimental Materials,d4cee285-344f-4216-ab7d-7ab81a558985,3,10.621151484773744,2025-06-14,13,22,15,2,6,0,node-1,11.214116122296431,7.403037575878728,6.052198907461057,35.34144799160942,38.39939272234783,23.951604664906803
8b231d21-2c29-4f4a-9fc3-0504d90affbc,Licensed Plastic Bacon,Science Equipment,d4cee285-344f-4216-ab7d-7ab81a558985,4,6.194115980609667,2026-01-14,26,30,41,1,14,0,node-2,6.91892671295286,4.9900371604361915,15.28027328452749,36.55900740409523,38.99681574007543,29.073543421527447
c29e1443-52a0-4292-b47f-6badb6a24467,Electronic Plastic Salad,Science Equipment,f8e87a5a-d1a9-4783-a814-965321140cb6,9,8.119607228682275,2026-02-16,22,32,18,5,8,0,node-1,12.9711595109141,2.6783823609026003,17.089158351880084,26.438484230907562,29.910806070265266,31.239769766669696
b07e4858-6c89-467c-8e2c-e3b6e2ec6035,Handcrafted Silk Sausages,Life Support,f8e87a5a-d1a9-4783-a814-965321140cb6,10,4.925775174601733,2025-10-04,10,18,30,3,31,0,node-1,17.257196156994898,6.319245135527371,15.593625713457072,29.27308077975392,28.12936030579204,30.90800851237899
eb04ff6d-40f6-4eed-85f2-f6efb5dba3ea,Modern Gold Shirt,Food Supply,f8e87a5a-d1a9-4783-a814-965321140cb6,5,8.838757921642653,2026-01-14,35,10,43,3,39,0,fgb,2.3950819302641624,2.583086490084374,10.001012704533107,24.848914315651975,26.878769338323323,35.087548252999
077d3632-e6fe-45a1-bd61-19cf91570f7a,Frozen Steel Shoes,Life Support,f8e87a5a-d1a9-4783-a814-965321140cb6,9,15.743782454288601,2026-02-03,48,41,24,1,23,0,node-2,3.0202534887981902,0.2734014338534263,0.7494159838606373,23.088908260089624,31.53699197618734,39.62211893063319
4794efd9-cda1-49e7-b37f-64718953c73d,Elegant Gold Sausages,Experimental Materials,f8e87a5a-d1a9-4783-a814-965321140cb6,9,20.98450715060065,2025-12-24,32,34,19,3,27,0,storage-2,3.500832524733677,3.850384952220156,10.021222446351207,24.41058956578381,29.066610516953,35.10711662747046
84208ab9-2d7f-409c-afc3-1702b80932e2,Frozen Marble Salad,Spare Parts,e4bde7f0-3f6b-4bb4-b932-36c4343b3552,2,2.6589983801804906,2025-04-13,32,27,11,5,8,0,service-module,8.840820531778256,12.143314765744611,7.061184097771069,32.26070830870098,21.042150626252965,23.30492100173443
7b85c24e-494d-4b9d-8fc0-87aef173e601,Recycled Bronze Hat,Emergency Equipment,e4bde7f0-3f6b-4bb4-b932-36c4343b3552,1,17.788212588148284,2026-01-26,32,44,12,1,55,0,fgb,9.408532845986116,0.9912490500477134,0.6409557707498514,27.990243028612138,25.91851269938484,22.863851461797346
1816fbcf-002c-466c-85fd-9449cb9a1d8e,Soft Plastic Towels,Emergency Equipment,e4bde7f0-3f6b-4bb4-b932-36c4343b3552,6,21.465374897606683,2026-03-23,35,30,27,4,74,0,us-lab,9.950208046702125,7.357094282950907,15.981794048731919,30.72767951209184,33.8384137567749,35.478241297378474
83fa4b5b-fffc-4edb-aa14-1b304fb4f834,Handmade Bamboo Ball,Emergency Equipment,e4bde7f0-3f6b-4bb4-b932-36c4343b3552,3,4.860632804616858,2025-12-13,22,37,26,4,98,0,storage-2,18.612256474329882,16.506613445945323,5.491432461821695,32.054680391144686,31.817050139945533,38.93896156515679
f04c9cc9-953e-492c-8d2f-7583e9578d90,Elegant Aluminum Chicken,Science Equipment,e4bde7f0-3f6b-4bb4-b932-36c4343b3552,4,17.75739853726568,2025-09-19,17,28,40,4,67,0,storage-2,13.217022417596278,14.310683944854954,17.05163927429068,22.708650172555533,31.179455023542282,22.558970049183586
39ea2bc7-61e7-43b2-814c-4a119a7ce650,Luxurious Concrete Salad,Life Support,e4bde7f0-3f6b-4bb4-b932-36c4343b3552,7,24.87768492420862,2026-02-05,42,41,40,3,93,0,fgb,9.557499284350545,6.356652736552888,6.523643685516809,38.222084565601705,24.143451672635756,22.670756477698898
13834310-d9eb-4c5b-b0a5-ae129e9b80df,Incredible Ceramic Computer,Experimental Materials,e4bde7f0-3f6b-4bb4-b932-36c4343b3552,7,11.642110457283797,2025-04-24,46,14,39,1,100,0,node-2,12.452609111061783,11.840115132501962,10.795517550473717,32.24654387928323,31.807032747307105,34.422386830244584
969c530b-8dc4-41d7-8141-cd7db96d1350,Fresh Ceramic Sausages,Maintenance Tools,e4bde7f0-3f6b-4bb4-b932-36c4343b3552,2,18.70749747288789,2026-01-12,21,18,39,4,78,0,storage-1,5.503589633550878,7.862196015662038,5.777076602370659,23.971631788959154,30.55493228466399,27.957158349203993
99bcb32d-fc97-4715-bcaa-0e4def28202f,Sleek Bamboo Computer,Emergency Equipment,e4bde7f0-3f6b-4bb4-b932-36c4343b3552,7,8.664503443488957,2026-03-07,26,45,48,4,62,0,service-module,4.513858266678614,13.57822345640836,0.6032657507810413,23.908172008084364,22.06561295126931,27.261325910489706
f4061ff3-494a-45fc-8a41-91c26db7f9d8,Fresh Silk Soap,Science Equipment,e4bde7f0-3f6b-4bb4-b932-36c4343b3552,7,0.674731890813974,2025-11-06,14,11,47,3,36,0,node-2,0.9794546821620398,5.070081015481569,13.830565710314055,26.55297301021099,31.167033131267353,33.006283934735734
2a30b49c-ed92-4af6-abdb-0f73452d7f24,Bespoke Metal Fish,Emergency Equipment,1436163f-fded-4924-b95c-694a07d45567,9,16.300635470504318,2025-08-13,14,33,28,3,68,0,fgb,6.681837814717573,11.366310516230701,6.253226567450372,36.07834912896534,33.771049262662274,24.27060862979789
89a10441-8034-43e6-ac90-7b9c11167531,Handcrafted Rubber Bike,Maintenance Tools,adb9bfaa-7b13-4cc4-9dce-b3ccbc643390,10,24.343300110583098,2025-08-28,49,11,39,1,22,0,storage-1,5.353156085223354,12.455342300286375,16.607403709558803,33.39835924829492,21.602202694197214,34.1152083738952
a511e738-3122-4a39-9d7a-4facc8f0691b,Elegant Plastic Chips,Science Equipment,adb9bfaa-7b13-4cc4-9dce-b3ccbc643390,10,9.696923273469903,2026-02-18,39,38,25,4,6,0,airlock,12.081377331311549,13.112442579132127,19.30130635088235,37.60544401184514,37.09680902559444,31.569081907953382
f95a7b40-426f-483b-8a86-eae4cc5a8142,Intelligent Plastic Bike,Maintenance Tools,adb9bfaa-7b13-4cc4-9dce-b3ccbc643390,7,12.840507942349925,2025-12-05,39,28,43,1,47,0,jap-lab,0.46783462554065736,4.734014931665547,19.09521124234059,25.746664705819626,26.910575428762396,32.68673575002656
593db257-217c-49c3-941f-c2c4cf34a48b,Practical Gold Sausages,Maintenance Tools,adb9bfaa-7b13-4cc4-9dce-b3ccbc643390,7,5.5961982946881275,2025-04-01,34,13,18,4,77,0,node-2,9.143565838868469,10.706499858376478,11.054407307779865,37.0621971166059,27.869799031838276,37.03873744028881
25de7c0e-7a79-48c5-a445-5de2b7262184,Soft Marble Bacon,Food Supply,adb9bfaa-7b13-4cc4-9dce-b3ccbc643390,2,15.861133381939164,2026-03-07,31,19,14,4,98,0,node-2,6.736306303045481,14.658513643787446,1.4274406506812554,27.49886828547839,26.517915948769748,34.721346153100825
a69a3d75-0b40-404d-b3c4-0274c8f67f16,Small Rubber Tuna,Medical Supply,adb9bfaa-7b13-4cc4-9dce-b3ccbc643390,8,5.660656618185816,2025-05-23,15,25,17,1,34,0,storage-2,3.99389774762684,12.565793856763781,3.2741059365322167,30.131516272544673,36.90527254162971,29.357850082634258
31122d62-af68-412e-8ae0-3d288ec19c6e,Incredible Cotton Bacon,Spare Parts,adb9bfaa-7b13-4cc4-9dce-b3ccbc643390,5,1.5555321666846276,2025-11-24,36,26,11,3,89,0,fgb,12.516386810622016,6.814138704444527,8.624388707964188,29.021845554297098,32.579649930081274,33.41171696357026
33d99579-7c84-4ce6-87b8-95555f6d30ea,Bespoke Granite Hat,Emergency Equipment,adb9bfaa-7b13-4cc4-9dce-b3ccbc643390,1,15.254130667882519,2025-08-17,14,38,28,5,40,0,storage-2,15.676360189157476,8.33877943241513,17.709413974147065,22.340124349852683,24.79785568344477,39.47599852378172
252ca216-2556-4246-881c-9376c6db00c4,Electronic Cotton Chicken,Emergency Equipment,adb9bfaa-7b13-4cc4-9dce-b3ccbc643390,7,17.65859906153949,2025-07-13,23,27,36,5,63,0,jap-lab,9.94318594984481,9.7984635877454,18.79187754042756,32.41732212970213,28.518302106286605,35.397965730010604
83439d04-f1c1-4f1c-bd7a-5fedf0c84dba,Generic Bamboo Pizza,Crew Supply,adb9bfaa-7b13-4cc4-9dce-b3ccbc643390,9,5.557555221308506,2025-07-20,41,33,11,2,77,0,node-2,7.5750486284185214,7.317250616621173,12.471906945340393,30.50661035575483,25.21270334033588,28.35166790136637
8e1a92d5-0fcf-458e-a00d-643b11d23c6e,Modern Plastic Chips,Crew Supply,9b9040ff-9af2-48f3-8335-1fe050130e33,6,1.3031919059699362,2025-12-06,15,42,40,2,20,0,service-module,2.59156362782085,6.503370534381119,11.122357338697835,26.45492012513367,24.801218769359178,26.07340557384805
9e118b00-c3fd-40ba-ae68-2ab92540f57d,Soft Cotton Towels,Experimental Materials,6b7aa5f6-f9e3-40ec-8817-54f0f57de17d,9,22.66581813533784,2025-12-20,12,14,13,3,45,0,storage-1,13.621689603032308,4.267611885816375,3.680800874052157,39.01132523434359,26.828048165619442,39.16313236861644
e661212b-b875-4756-a91d-66678137dc46,Modern Wooden Hat,Emergency Equipment,6b7aa5f6-f9e3-40ec-8817-54f0f57de17d,4,2.0398555993708256,2025-04-15,22,40,23,4,2,0,storage-2,4.952900632419639,6.007079009038014,17.7301744168618,24.006013885760062,38.58903744375591,24.918353121196148
94c70901-5449-4f4f-a184-1b1bfb6deada,Tasty Cotton Fish,Life Support,6b7aa5f6-f9e3-40ec-8817-54f0f57de17d,9,8.986972267176732,2025-11-12,26,15,20,1,19,0,us-lab,15.712653166970403,7.735427177259766,14.331682156014287,24.924897913498935,35.79362160938204,28.363097950831758
62829179-a633-402d-8045-e89f4f4c96bc,Fresh Silk Pants,Medical Supply,6b7aa5f6-f9e3-40ec-8817-54f0f57de17d,10,20.6395313150368,2025-06-27,28,44,31,1,52,0,service-module,14.09525979129507,12.083363668368236,4.2563128785968445,32.59020595317711,37.63943294301116,31.398953528391885
de335624-8172-489c-8ead-8358c39c94a0,Gorgeous Marble Car,Emergency Equipment,6b7aa5f6-f9e3-40ec-8817-54f0f57de17d,6,15.172955887699217,2025-10-20,27,20,47,1,58,0,fgb,2.0317558132323366,5.585162375477248,9.464617668363653,35.25758038647612,32.825504442803435,23.969568068730624
2a16e4a9-7838-4a63-a5b4-6da214228879,Small Ceramic Chair,Food Supply,6b7aa5f6-f9e3-40ec-8817-54f0f57de17d,2,1.5875348707967492,2025-08-16,28,48,15,3,20,0,node-2,17.84310082270466,18.21840258668388,16.017060069981127,38.68243515774442,30.908830897831855,36.85734677701587
f5861a8f-8360-4f79-80da-cf4febd9d6ec,Small Aluminum Bacon,Crew Supply,6b7aa5f6-f9e3-40ec-8817-54f0f57de17d,1,11.259446626317747,2025-05-16,27,21,32,2,24,0,service-module,16.670046171613922,11.27536319565467,14.851662962319338,37.846089131437914,34.16693740043115,25.170968569037772
4602ce14-a49d-4794-b775-f22ec72c789e,Frozen Concrete Chair,Emergency Equipment,6b7aa5f6-f9e3-40ec-8817-54f0f57de17d,2,4.808086658510996,2025-06-14,40,19,42,3,14,0,node-2,19.064573520253767,14.293584352024428,16.433201089370403,22.39634872426884,22.9919108287049,26.214208610356017
fc36ab90-1898-43b9-9259-6c8a65d87a9e,Handmade Gold Cheese,Maintenance Tools,48b27d81-34d6-4954-b2fb-953fc37a490e,7,13.776133314807202,2025-11-13,47,29,10,2,5,0,node-1,3.278840415773381,0.7992066237042472,14.333455785130287,38.28511365976162,34.624896445090776,32.69415105683156
8aea48c0-8eab-491f-9e2a-9789e4b3078a,Handmade Concrete Tuna,Crew Supply,48b27d81-34d6-4954-b2fb-953fc37a490e,10,20.510086089184558,2025-06-16,47,24,14,2,35,0,node-2,18.75284003870573,8.956366388868071,13.758641437786782,32.57034781494257,30.584902601779895,23.608536956700632
a591e304-92e9-43c3-93e7-b0152ef4ee66,Handmade Metal Towels,Crew Supply,ab170cce-0a2a-47dc-bfdf-5d24c2b0d8d0,3,21.739444425322244,2025-08-23,42,29,46,4,12,0,airlock,3.032446368496373,2.4837301105842613,8.228493611152516,38.18928612720377,21.551520321765604,29.753328440459185
a540d1d6-b522-4bea-9b8a-e9d1f2584c6e,Elegant Bamboo Sausages,Food Supply,ab170cce-0a2a-47dc-bfdf-5d24c2b0d8d0,8,12.888097629816809,2026-01-04,44,24,20,5,6,0,us-lab,14.285202548102093,5.0386341256068405,4.792855585306873,26.74846781404334,26.55694014898023,36.43769684411905
4c9fb4f0-f7ad-4000-9511-ea6a974a9e19,Handcrafted Silk Keyboard,Life Support,de55a017-4a6f-4893-8833-6a1e3801835b,6,12.480385278490592,2025-09-27,38,50,50,2,8,0,us-lab,2.0156013061026856,14.580641439352904,1.2111058803466346,30.56204791733547,34.42735804164691,24.11024154260192
34583eaf-edda-4e27-8bd1-d8d0d0bbea26,Gorgeous Cotton Pizza,Food Supply,de55a017-4a6f-4893-8833-6a1e3801835b,3,19.125310616895206,2025-06-16,49,30,33,3,6,0,storage-2,11.690695481709817,3.19675095020169,1.1148026100184416,37.281384478391224,34.94432671729965,26.13339087455585
406c9777-0caf-4f8f-950f-f6f49ff59b41,Frozen Bamboo Chips,Life Support,de55a017-4a6f-4893-8833-6a1e3801835b,7,18.3484307009232,2026-01-13,47,29,16,5,40,0,fgb,7.904809405959918,8.001652225950727,15.16017998214268,22.692716976356486,33.602130887854216,27.44481543267682
8acda743-1442-40bd-9756-64575c062962,Electronic Bronze Bacon,Emergency Equipment,de55a017-4a6f-4893-8833-6a1e3801835b,5,15.437931263132135,2026-01-08,45,19,49,4,94,0,fgb,12.905253513831482,10.100356980814226,6.335219417209286,39.66555583812307,24.797683558771283,33.29986664521907
f7d46c70-e304-4450-8ee6-6adbfd58fafb,Bespoke Aluminum Ball,Crew Supply,45eb139e-26d2-4cf5-a43e-590a64a05614,3,0.35440128072155364,2026-03-19,21,31,17,2,12,0,node-1,16.970728244853007,6.400216716986275,18.843686067662535,34.97581287709523,32.98820834153143,22.94414452856181
6691519b-814b-4c0a-af11-134a372fec0d,Awesome Gold Ball,Maintenance Tools,45eb139e-26d2-4cf5-a43e-590a64a05614,1,0.11201013017221166,2025-04-01,26,30,47,5,65,0,jap-lab,9.686766545256123,15.685927311725653,17.18235287576777,30.24118015290842,39.439716393482215,31.643075586994552